Search,ID,Name,City,RoomAndPropertyType,RoomType,RoomTypeCategory,SpaceType,Link,Nightly Cost,Total Cost,BathroomLabel,Bathrooms,BedLabel,BedroomLabel,Bedrooms,Beds,ApproxLat,ApproxLong,Lockbox,Heating,Air Conditioning,Free Parking on Premises,Free Street Parking,Wireless Internet
Melbourne City,8894468,2BR APT #Perfect Location# & CityView,Melbourne,Entire apartment,Entire home/apt,entire_home,Entire apartment,https://www.airbnb.com.au/rooms/8894468?guests=1&adults=1&children=0&infants=0&check_in=2019-05-01&check_out=2019-05-05,153.00,755.94,1 bath,1.000000,4 beds,2 bedrooms,2,4,-37.809570,144.963300,FALSE,TRUE,TRUE,FALSE,FALSE,TRUE
Melbourne City,10125065,Breathtaking Views Apt In Melb CBD,Melbourne,Entire apartment,Entire home/apt,entire_home,Entire apartment,https://www.airbnb.com.au/rooms/10125065?guests=1&adults=1&children=0&infants=0&check_in=2019-05-01&check_out=2019-05-05,145.00,736.53,1 bath,1.000000,2 beds,1 bedroom,1,2,-37.818367,144.955429,FALSE,TRUE,TRUE,FALSE,FALSE,TRUE
Melbourne City,2243932,City Room with your own bathroom!,Melbourne,Private room in apartment,Private room,private_room,Private room,https://www.airbnb.com.au/rooms/2243932?guests=1&adults=1&children=0&infants=0&check_in=2019-05-01&check_out=2019-05-05,75.00,359.70,1 private bath,1.000000,1 bed,1 bedroom,1,1,-37.812610,144.954320,FALSE,FALSE,FALSE,FALSE,FALSE,TRUE
Melbourne City,9049524,5 stars luxury Melbourne CBD  Apt,Melbourne,Entire apartment,Entire home/apt,entire_home,Entire apartment,https://www.airbnb.com.au/rooms/9049524?guests=1&adults=1&children=0&infants=0&check_in=2019-05-01&check_out=2019-05-05,134.00,679.44,1 bath,1.000000,1 bed,1 bedroom,1,1,-37.814404,144.957520,TRUE,TRUE,TRUE,FALSE,FALSE,TRUE
Melbourne City,18721221,"Free WiFi+Five Star ""Little Swiss Room"" in Mel CBD",Melbourne,Entire apartment,Entire home/apt,entire_home,Entire apartment,https://www.airbnb.com.au/rooms/18721221?guests=1&adults=1&children=0&infants=0&check_in=2019-05-01&check_out=2019-05-05,126.25,662.30,1 bath,1.000000,1 bed,1 bedroom,1,1,-37.810410,144.958430,FALSE,TRUE,TRUE,FALSE,FALSE,TRUE
Melbourne City,18385179,Melbourne CBD Chic New York Style Loft with Free Parking,Melbourne,Entire apartment,Entire home/apt,entire_home,Entire apartment,https://www.airbnb.com.au/rooms/18385179?guests=1&adults=1&children=0&infants=0&check_in=2019-05-01&check_out=2019-05-05,204.00,1022.01,1 bath,1.000000,2 beds,2 bedrooms,2,2,-37.808128,144.961823,FALSE,TRUE,TRUE,TRUE,FALSE,TRUE
Melbourne City,8513168,The skyhigh studio in Melbourne CBD + fireworks,Melbourne,Entire apartment,Entire home/apt,entire_home,Entire apartment,https://www.airbnb.com.au/rooms/8513168?guests=1&adults=1&children=0&infants=0&check_in=2019-05-01&check_out=2019-05-05,109.00,542.41,1 bath,1.000000,2 beds,Studio,0,2,-37.815369,144.952682,FALSE,TRUE,TRUE,FALSE,FALSE,TRUE
Melbourne City,3566505,Bright Apartment  in Prime Location,Melbourne,Entire apartment,Entire home/apt,entire_home,Entire apartment,https://www.airbnb.com.au/rooms/3566505?guests=1&adults=1&children=0&infants=0&check_in=2019-05-01&check_out=2019-05-05,129.00,640.61,1 bath,1.000000,1 bed,1 bedroom,1,1,-37.810030,144.967820,TRUE,TRUE,TRUE,FALSE,FALSE,TRUE
Melbourne City,16357437,Park & Sunrise Views - same floor as Rooftop Pool!,Melbourne,Entire apartment,Entire home/apt,entire_home,Entire apartment,https://www.airbnb.com.au/rooms/16357437?guests=1&adults=1&children=0&infants=0&check_in=2019-05-01&check_out=2019-05-05,119.00,599.50,1 bath,1.000000,1 bed,Studio,0,1,-37.813950,144.952072,TRUE,TRUE,FALSE,FALSE,FALSE,TRUE
Melbourne City,6021753,Urban Studio in Melbourne CBD,Melbourne,Entire apartment,Entire home/apt,entire_home,Entire apartment,https://www.airbnb.com.au/rooms/6021753?guests=1&adults=1&children=0&infants=0&check_in=2019-05-01&check_out=2019-05-05,121.50,633.76,1 bath,1.000000,2 beds,Studio,0,2,-37.816060,144.952140,FALSE,TRUE,TRUE,FALSE,FALSE,TRUE
Melbourne City,5307603,Homely on Spencer in Melbourne CBD,Melbourne,Entire apartment,Entire home/apt,entire_home,Entire apartment,https://www.airbnb.com.au/rooms/5307603?guests=1&adults=1&children=0&infants=0&check_in=2019-05-01&check_out=2019-05-05,131.50,679.44,1 bath,1.000000,2 beds,1 bedroom,1,2,-37.814920,144.953880,FALSE,TRUE,TRUE,FALSE,FALSE,TRUE
Melbourne City,5952338,Luxury views 1BD apt Heart of Melb,Melbourne,Entire apartment,Entire home/apt,entire_home,Entire apartment,https://www.airbnb.com.au/rooms/5952338?guests=1&adults=1&children=0&infants=0&check_in=2019-05-01&check_out=2019-05-05,159.00,800.47,1 bath,1.000000,2 beds,1 bedroom,1,2,-37.815735,144.952911,FALSE,TRUE,TRUE,FALSE,FALSE,TRUE
Melbourne City,12419310,Comfy Studio Apartment in the CBD,Melbourne,Entire apartment,Entire home/apt,entire_home,Entire apartment,https://www.airbnb.com.au/rooms/12419310?guests=1&adults=1&children=0&infants=0&check_in=2019-05-01&check_out=2019-05-05,110.00,536.69,1 bath,1.000000,1 bed,Studio,0,1,-37.809260,144.957730,FALSE,TRUE,TRUE,FALSE,FALSE,TRUE
Melbourne City,16296765,2 Bedroom modern apartment in CBD,Melbourne,Entire apartment,Entire home/apt,entire_home,Entire apartment,https://www.airbnb.com.au/rooms/16296765?guests=1&adults=1&children=0&infants=0&check_in=2019-05-01&check_out=2019-05-05,154.00,743.38,1 bath,1.000000,2 beds,2 bedrooms,2,2,-37.809628,144.959610,TRUE,TRUE,TRUE,FALSE,FALSE,TRUE
Melbourne City,7426490,Spacious Warehouse Apartment on Flinders Lane.,Melbourne,Private room in loft,Private room,private_room,Private room,https://www.airbnb.com.au/rooms/7426490?guests=1&adults=1&children=0&infants=0&check_in=2019-05-01&check_out=2019-05-05,90.00,445.34,1 private bath,1.000000,1 bed,1 bedroom,1,1,-37.816105,144.968323,TRUE,TRUE,FALSE,FALSE,FALSE,TRUE
Melbourne City,19103787,180° The best of Melbourne city & Sea view,Melbourne,Entire apartment,Entire home/apt,entire_home,Entire apartment,https://www.airbnb.com.au/rooms/19103787?guests=1&adults=1&children=0&infants=0&check_in=2019-05-01&check_out=2019-05-05,171.00,821.94,1 bath,1.000000,1 bed,1 bedroom,1,1,-37.811220,144.961440,FALSE,TRUE,TRUE,FALSE,FALSE,TRUE
Melbourne City,18297562,"COZY CBD Apartment, STUNNING VIEWS + FREE PARKING",Melbourne,Entire apartment,Entire home/apt,entire_home,Entire apartment,https://www.airbnb.com.au/rooms/18297562?guests=1&adults=1&children=0&infants=0&check_in=2019-05-01&check_out=2019-05-05,156.50,805.05,1 bath,1.000000,2 beds,1 bedroom,1,2,-37.815582,144.953079,FALSE,TRUE,TRUE,TRUE,FALSE,TRUE
Melbourne City,13585021,"Central CBD Studio!Furnished,free tram, opp skybus",Melbourne,Entire apartment,Entire home/apt,entire_home,Entire apartment,https://www.airbnb.com.au/rooms/13585021?guests=1&adults=1&children=0&infants=0&check_in=2019-05-01&check_out=2019-05-05,147.50,673.72,1 bath,1.000000,2 beds,Studio,0,2,-37.815360,144.952270,FALSE,TRUE,TRUE,FALSE,FALSE,TRUE
Melbourne City,3272235,Absolute Melbourne Center Apartment,Melbourne,Entire apartment,Entire home/apt,entire_home,Entire apartment,https://www.airbnb.com.au/rooms/3272235?guests=1&adults=1&children=0&infants=0&check_in=2019-05-01&check_out=2019-05-05,88.75,451.06,1 bath,1.000000,2 beds,1 bedroom,1,2,-37.811060,144.964550,FALSE,TRUE,FALSE,FALSE,TRUE,TRUE
Melbourne City,21618507,Cozy Modern Apartment Melb City/ Vic Market,Melbourne,Entire condominium,Entire home/apt,entire_home,Entire condominium,https://www.airbnb.com.au/rooms/21618507?guests=1&adults=1&children=0&infants=0&check_in=2019-05-01&check_out=2019-05-05,114.50,522.99,1 bath,1.000000,1 bed,Studio,0,1,-37.805700,144.959170,FALSE,TRUE,TRUE,FALSE,FALSE,TRUE
Melbourne City,13627321,"Sunny, Modern Apartment with Cityscape Views",Melbourne,Entire apartment,Entire home/apt,entire_home,Entire apartment,https://www.airbnb.com.au/rooms/13627321?guests=1&adults=1&children=0&infants=0&check_in=2019-05-01&check_out=2019-05-05,261.50,1262.94,1 bath,1.000000,2 beds,2 bedrooms,2,2,-37.818359,144.955368,FALSE,TRUE,TRUE,TRUE,FALSE,TRUE
Melbourne City,21270374,Delux Skyhigh2bedder heart of CBD*WiFi*Free Parkin,Melbourne,Entire apartment,Entire home/apt,entire_home,Entire apartment,https://www.airbnb.com.au/rooms/21270374?guests=1&adults=1&children=0&infants=0&check_in=2019-05-01&check_out=2019-05-05,164.00,827.88,1 bath,1.000000,2 beds,2 bedrooms,2,2,-37.807270,144.960300,TRUE,FALSE,TRUE,TRUE,FALSE,TRUE
Melbourne City,19755790,Central of Melbourne-Gym+SwimmingPool+SmartTV,Melbourne,Entire apartment,Entire home/apt,entire_home,Entire apartment,https://www.airbnb.com.au/rooms/19755790?guests=1&adults=1&children=0&infants=0&check_in=2019-05-01&check_out=2019-05-05,145.00,741.09,1 bath,1.000000,2 beds,1 bedroom,1,2,-37.814423,144.957565,FALSE,TRUE,TRUE,FALSE,FALSE,TRUE
Melbourne City,12455122,CBD Located & On Top of Collins,Melbourne,Entire apartment,Entire home/apt,entire_home,Entire apartment,https://www.airbnb.com.au/rooms/12455122?guests=1&adults=1&children=0&infants=0&check_in=2019-05-01&check_out=2019-05-05,114.00,572.09,1.5 baths,1.500000,2 beds,1 bedroom,1,2,-37.818130,144.956360,TRUE,TRUE,TRUE,FALSE,FALSE,TRUE
Melbourne City,21515837,Spacious Immaculate studio Next to Vic Market,Melbourne,Entire apartment,Entire home/apt,entire_home,Entire apartment,https://www.airbnb.com.au/rooms/21515837?guests=1&adults=1&children=0&infants=0&check_in=2019-05-01&check_out=2019-05-05,120.00,548.11,1 bath,1.000000,1 bed,1 bedroom,1,1,-37.803560,144.959420,FALSE,TRUE,TRUE,FALSE,FALSE,TRUE
Melbourne City,16056538,☼ England style studio in Mel CBD ☼,Melbourne,Entire apartment,Entire home/apt,entire_home,Entire apartment,https://www.airbnb.com.au/rooms/16056538?guests=1&adults=1&children=0&infants=0&check_in=2019-05-01&check_out=2019-05-05,117.50,536.69,1 bath,1.000000,1 bed,Studio,0,1,-37.816410,144.953610,FALSE,TRUE,TRUE,FALSE,FALSE,TRUE
Melbourne City,20644073,12*1Br1Bth*Honey Macaroons*Mel Cen CBD*Free tram,Melbourne,Entire apartment,Entire home/apt,entire_home,Entire apartment,https://www.airbnb.com.au/rooms/20644073?guests=1&adults=1&children=0&infants=0&check_in=2019-05-01&check_out=2019-05-05,149.00,754.80,1 bath,1.000000,2 beds,1 bedroom,1,2,-37.809200,144.960480,TRUE,TRUE,TRUE,FALSE,FALSE,TRUE
Melbourne City,17950323,Central Parkside Studio in a Heritage Gem,Carlton,Entire apartment,Entire home/apt,entire_home,Entire apartment,https://www.airbnb.com.au/rooms/17950323?guests=1&adults=1&children=0&infants=0&check_in=2019-05-01&check_out=2019-05-05,145.50,715.97,1 bath,1.000000,2 beds,Studio,0,2,-37.806370,144.969080,FALSE,TRUE,FALSE,TRUE,FALSE,TRUE
Melbourne City,19792278,Cozy Minimalist Private Bedroom close to Skybus,Melbourne,Private room in apartment,Private room,private_room,Private room,https://www.airbnb.com.au/rooms/19792278?guests=1&adults=1&children=0&infants=0&check_in=2019-05-01&check_out=2019-05-05,73.00,350.56,1 shared bath,1.000000,1 bed,1 bedroom,1,1,-37.816029,144.953552,FALSE,FALSE,TRUE,FALSE,FALSE,TRUE
Melbourne City,15151844,"50+Level,180°Melb CBD View, 2BD2Bath Topfloor Apt",Melbourne,Entire apartment,Entire home/apt,entire_home,Entire apartment,https://www.airbnb.com.au/rooms/15151844?guests=1&adults=1&children=0&infants=0&check_in=2019-05-01&check_out=2019-05-05,188.50,958.05,2 baths,2.000000,0 beds,2 bedrooms,2,0,-37.814730,144.953830,TRUE,TRUE,TRUE,FALSE,FALSE,TRUE
Melbourne City,5837562,"Amazing view!Melbourne City CBD! QV,Sleeps 4, Wifi",Melbourne,Entire apartment,Entire home/apt,entire_home,Entire apartment,https://www.airbnb.com.au/rooms/5837562?guests=1&adults=1&children=0&infants=0&check_in=2019-05-01&check_out=2019-05-05,142.50,702.27,1 bath,1.000000,2 beds,1 bedroom,1,2,-37.810104,144.966217,TRUE,TRUE,TRUE,FALSE,FALSE,TRUE
Melbourne City,19460205,Boutique Apt in the Best spot of Melbourne,Melbourne,Entire apartment,Entire home/apt,entire_home,Entire apartment,https://www.airbnb.com.au/rooms/19460205?guests=1&adults=1&children=0&infants=0&check_in=2019-05-01&check_out=2019-05-05,145.00,741.09,1 bath,1.000000,1 bed,1 bedroom,1,1,-37.812737,144.969131,FALSE,TRUE,TRUE,FALSE,FALSE,TRUE
Melbourne City,8561861,"Chic, Zen Apartment in Central Business District",Melbourne,Entire apartment,Entire home/apt,entire_home,Entire apartment,https://www.airbnb.com.au/rooms/8561861?guests=1&adults=1&children=0&infants=0&check_in=2019-05-01&check_out=2019-05-05,200.00,1004.87,1 bath,1.000000,1 bed,1 bedroom,1,1,-37.811450,144.960850,FALSE,TRUE,TRUE,FALSE,FALSE,TRUE
Melbourne City,18349651,Room One Sunshine Apartment Locates at Melbourne Central,Melbourne,Entire apartment,Entire home/apt,entire_home,Entire apartment,https://www.airbnb.com.au/rooms/18349651?guests=1&adults=1&children=0&infants=0&check_in=2019-05-01&check_out=2019-05-05,194.00,976.33,1 bath,1.000000,2 beds,2 bedrooms,2,2,-37.810707,144.960815,FALSE,TRUE,TRUE,FALSE,FALSE,TRUE
Melbourne City,12512063,The Bayview 1 bd apt + fireworks in Melbourne CBD,Melbourne,Entire apartment,Entire home/apt,entire_home,Entire apartment,https://www.airbnb.com.au/rooms/12512063?guests=1&adults=1&children=0&infants=0&check_in=2019-05-01&check_out=2019-05-05,136.00,672.58,1 bath,1.000000,2 beds,1 bedroom,1,2,-37.815674,144.952942,FALSE,TRUE,TRUE,FALSE,FALSE,TRUE
Melbourne City,7017140,Deluxe Apartment With Terrific View,Melbourne,Entire apartment,Entire home/apt,entire_home,Entire apartment,https://www.airbnb.com.au/rooms/7017140?guests=1&adults=1&children=0&infants=0&check_in=2019-05-01&check_out=2019-05-05,145.00,741.09,1 bath,1.000000,2 beds,1 bedroom,1,2,-37.815578,144.952759,FALSE,TRUE,TRUE,FALSE,FALSE,TRUE
Melbourne City,19256359,Modern Apt with Melbourne City Views& Free Wifi,Melbourne,Entire apartment,Entire home/apt,entire_home,Entire apartment,https://www.airbnb.com.au/rooms/19256359?guests=1&adults=1&children=0&infants=0&check_in=2019-05-01&check_out=2019-05-05,105.50,527.56,1 bath,1.000000,2 beds,Studio,0,2,-37.811850,144.955450,FALSE,TRUE,TRUE,FALSE,FALSE,TRUE
Melbourne City,14346448,Level 55 CBD 2bd apartment,Melbourne,Entire apartment,Entire home/apt,entire_home,Entire apartment,https://www.airbnb.com.au/rooms/14346448?guests=1&adults=1&children=0&infants=0&check_in=2019-05-01&check_out=2019-05-05,127.50,639.46,1 bath,1.000000,2 beds,2 bedrooms,2,2,-37.808430,144.959490,TRUE,TRUE,TRUE,FALSE,FALSE,TRUE
Melbourne City,17630759,CBD 1BR | MelbCentral | QV | Chinatown | FREEWIFI,Melbourne,Entire apartment,Entire home/apt,entire_home,Entire apartment,https://www.airbnb.com.au/rooms/17630759?guests=1&adults=1&children=0&infants=0&check_in=2019-05-01&check_out=2019-05-05,146.00,735.39,1 bath,1.000000,2 beds,1 bedroom,1,2,-37.809930,144.960520,FALSE,TRUE,TRUE,TRUE,FALSE,TRUE
Melbourne City,8999604,Sale On: 1BR CBD Central & Comfy Apt#Value Choice#,Melbourne,Entire apartment,Entire home/apt,entire_home,Entire apartment,https://www.airbnb.com.au/rooms/8999604?guests=1&adults=1&children=0&infants=0&check_in=2019-05-01&check_out=2019-05-05,120.00,605.21,1 bath,1.000000,2 beds,1 bedroom,1,2,-37.809840,144.963030,FALSE,TRUE,TRUE,FALSE,FALSE,TRUE
Melbourne City,16758427,CBD 1BR |QV|MelCentral|State Library|China town,Melbourne,Entire apartment,Entire home/apt,entire_home,Entire apartment,https://www.airbnb.com.au/rooms/16758427?guests=1&adults=1&children=0&infants=0&check_in=2019-05-01&check_out=2019-05-05,126.50,639.46,1 bath,1.000000,2 beds,1 bedroom,1,2,-37.810219,144.966263,TRUE,TRUE,TRUE,FALSE,FALSE,TRUE
Melbourne City,11927482,UrbanDelight in Melbourne CBD,Melbourne,Entire apartment,Entire home/apt,entire_home,Entire apartment,https://www.airbnb.com.au/rooms/11927482?guests=1&adults=1&children=0&infants=0&check_in=2019-05-01&check_out=2019-05-05,131.50,690.86,1 bath,1.000000,2 beds,1 bedroom,1,2,-37.816040,144.953940,FALSE,TRUE,TRUE,FALSE,FALSE,TRUE
Melbourne City,15693885,Chic Paris End City Abode Above the Sheraton,Melbourne,Entire apartment,Entire home/apt,entire_home,Entire apartment,https://www.airbnb.com.au/rooms/15693885?guests=1&adults=1&children=0&infants=0&check_in=2019-05-01&check_out=2019-05-05,156.50,777.64,1 bath,1.000000,1 bed,1 bedroom,1,1,-37.812721,144.972626,FALSE,TRUE,TRUE,FALSE,FALSE,TRUE
Melbourne City,15838655,The Rouge studio apartment in Melb CBD pool+ gym,Melbourne,Entire apartment,Entire home/apt,entire_home,Entire apartment,https://www.airbnb.com.au/rooms/15838655?guests=1&adults=1&children=0&infants=0&check_in=2019-05-01&check_out=2019-05-05,104.00,519.57,1 bath,1.000000,2 beds,Studio,0,2,-37.815582,144.953079,FALSE,TRUE,FALSE,FALSE,FALSE,TRUE
Melbourne City,20964134,Boutique Spacious City Apartment with Balcony,Melbourne,Entire apartment,Entire home/apt,entire_home,Entire apartment,https://www.airbnb.com.au/rooms/20964134?guests=1&adults=1&children=0&infants=0&check_in=2019-05-01&check_out=2019-05-05,134.00,686.28,1 bath,1.000000,1 bed,1 bedroom,1,1,-37.809700,144.958190,FALSE,TRUE,TRUE,FALSE,FALSE,TRUE
Melbourne City,17292557,"See City Lights from a Towering, Modern Condo",Melbourne,Entire apartment,Entire home/apt,entire_home,Entire apartment,https://www.airbnb.com.au/rooms/17292557?guests=1&adults=1&children=0&infants=0&check_in=2019-05-01&check_out=2019-05-05,158.75,799.33,1 bath,1.000000,1 bed,1 bedroom,1,1,-37.810660,144.961130,FALSE,TRUE,TRUE,FALSE,FALSE,TRUE
Melbourne City,12521333,A Cozy CBD Apt on Collins with a Stunning View,Melbourne,Entire apartment,Entire home/apt,entire_home,Entire apartment,https://www.airbnb.com.au/rooms/12521333?guests=1&adults=1&children=0&infants=0&check_in=2019-05-01&check_out=2019-05-05,126.50,668.02,1 bath,1.000000,2 beds,1 bedroom,1,2,-37.819150,144.955170,TRUE,TRUE,TRUE,FALSE,FALSE,TRUE
Melbourne City,16045624,Urban Jungle in the Heart of Melbourne,Melbourne,Entire apartment,Entire home/apt,entire_home,Entire apartment,https://www.airbnb.com.au/rooms/16045624?guests=1&adults=1&children=0&infants=0&check_in=2019-05-01&check_out=2019-05-05,219.00,1074.53,1 bath,1.000000,1 bed,1 bedroom,1,1,-37.815582,144.953079,FALSE,TRUE,TRUE,FALSE,FALSE,TRUE
Melbourne City,6125420,"Modern, Arty Apartment near Theatre District",Melbourne,Entire apartment,Entire home/apt,entire_home,Entire apartment,https://www.airbnb.com.au/rooms/6125420?guests=1&adults=1&children=0&infants=0&check_in=2019-05-01&check_out=2019-05-05,181.75,944.35,1 bath,1.000000,1 bed,1 bedroom,1,1,-37.810280,144.972480,FALSE,TRUE,TRUE,FALSE,FALSE,TRUE
Melbourne City,21154059,Cherry's apartment - in the heart of Melbourne,Melbourne,Private room in apartment,Private room,private_room,Private room,https://www.airbnb.com.au/rooms/21154059?guests=1&adults=1&children=0&infants=0&check_in=2019-05-01&check_out=2019-05-05,65.75,311.74,1 shared bath,1.000000,1 bed,1 bedroom,1,1,-37.811280,144.959210,FALSE,TRUE,FALSE,FALSE,FALSE,TRUE
Melbourne City,13704905,Cozy & Comfy CBD Apartment in FREE Tram Zone,Melbourne,Entire apartment,Entire home/apt,entire_home,Entire apartment,https://www.airbnb.com.au/rooms/13704905?guests=1&adults=1&children=0&infants=0&check_in=2019-05-01&check_out=2019-05-05,115.00,599.50,1 bath,1.000000,2 beds,Studio,0,2,-37.815582,144.953079,FALSE,TRUE,TRUE,FALSE,FALSE,TRUE
Melbourne City,20595496,Cosy Melbourne Retreat - Walk to Everything!,Melbourne,Entire loft,Entire home/apt,entire_home,Entire loft,https://www.airbnb.com.au/rooms/20595496?guests=1&adults=1&children=0&infants=0&check_in=2019-05-01&check_out=2019-05-05,99.00,497.86,1 bath,1.000000,2 beds,1 bedroom,1,2,-37.813960,144.960190,TRUE,TRUE,TRUE,FALSE,FALSE,TRUE
Melbourne City,10163574,The Balinese retreat Melbourne CBD- gym pool sauna,Melbourne,Entire apartment,Entire home/apt,entire_home,Entire apartment,https://www.airbnb.com.au/rooms/10163574?guests=1&adults=1&children=0&infants=0&check_in=2019-05-01&check_out=2019-05-05,110.50,549.26,1 bath,1.000000,1 bed,Studio,0,1,-37.815353,144.952866,FALSE,TRUE,TRUE,FALSE,FALSE,TRUE
Melbourne City,9223246,CBD Modern 1 BR #5minTo Everything# #Jan Special#,Melbourne,Entire apartment,Entire home/apt,entire_home,Entire apartment,https://www.airbnb.com.au/rooms/9223246?guests=1&adults=1&children=0&infants=0&check_in=2019-05-01&check_out=2019-05-05,118.50,598.36,1 bath,1.000000,2 beds,1 bedroom,1,2,-37.808160,144.963370,FALSE,TRUE,TRUE,FALSE,FALSE,TRUE
Melbourne City,10438182,Central Modern Minimalist Apartment,Melbourne,Entire apartment,Entire home/apt,entire_home,Entire apartment,https://www.airbnb.com.au/rooms/10438182?guests=1&adults=1&children=0&infants=0&check_in=2019-05-01&check_out=2019-05-05,186.00,792.71,2 baths,2.000000,2 beds,2 bedrooms,2,2,-37.815605,144.971375,FALSE,TRUE,TRUE,TRUE,FALSE,TRUE
Melbourne City,2119988,Sleep me at best location with view,Melbourne,Entire apartment,Entire home/apt,entire_home,Entire apartment,https://www.airbnb.com.au/rooms/2119988?guests=1&adults=1&children=0&infants=0&check_in=2019-05-01&check_out=2019-05-05,147.50,719.40,1 bath,1.000000,2 beds,1 bedroom,1,2,-37.809296,144.959808,TRUE,TRUE,TRUE,FALSE,FALSE,TRUE
Melbourne City,18676341,⚚⚚Elegant Modern 2BD Apartment in central Melb⚚⚚,Melbourne,Entire apartment,Entire home/apt,entire_home,Entire apartment,https://www.airbnb.com.au/rooms/18676341?guests=1&adults=1&children=0&infants=0&check_in=2019-05-01&check_out=2019-05-05,139.50,750.23,1 bath,1.000000,3 beds,2 bedrooms,2,3,-37.810180,144.960630,FALSE,TRUE,TRUE,FALSE,FALSE,TRUE
Melbourne City,74548,City Location-Perfect for Singles,Melbourne,Private room in apartment,Private room,private_room,Private room,https://www.airbnb.com.au/rooms/74548?guests=1&adults=1&children=0&infants=0&check_in=2019-05-01&check_out=2019-05-05,71.00,324.30,2 baths,2.000000,1 bed,1 bedroom,1,1,-37.815500,144.958940,FALSE,TRUE,FALSE,FALSE,FALSE,TRUE
Melbourne City,7735768,"Spacious, Centrally-located Melbourne Flat",Melbourne,Entire apartment,Entire home/apt,entire_home,Entire apartment,https://www.airbnb.com.au/rooms/7735768?guests=1&adults=1&children=0&infants=0&check_in=2019-05-01&check_out=2019-05-05,187.50,930.65,1.5 baths,1.500000,2 beds,2 bedrooms,2,2,-37.816269,144.963257,FALSE,TRUE,TRUE,FALSE,FALSE,TRUE
Melbourne City,12026308,"A Cozy & Homely CBD Studio + Pool, Gym, FREE Wi-Fi",Melbourne,Entire apartment,Entire home/apt,entire_home,Entire apartment,https://www.airbnb.com.au/rooms/12026308?guests=1&adults=1&children=0&infants=0&check_in=2019-05-01&check_out=2019-05-05,121.50,645.18,1 bath,1.000000,2 beds,Studio,0,2,-37.815708,144.953033,FALSE,TRUE,TRUE,FALSE,FALSE,TRUE
Melbourne City,3891485,Unbeatable Melbourne location,Melbourne,Entire apartment,Entire home/apt,entire_home,Entire apartment,https://www.airbnb.com.au/rooms/3891485?guests=1&adults=1&children=0&infants=0&check_in=2019-05-01&check_out=2019-05-05,164.50,751.37,1 bath,1.000000,1 bed,1 bedroom,1,1,-37.815800,144.972198,TRUE,TRUE,FALSE,FALSE,FALSE,TRUE
Melbourne City,22363789,"Lovely room, ideally located CBD apartment.",Melbourne,Private room in apartment,Private room,private_room,Private room,https://www.airbnb.com.au/rooms/22363789?guests=1&adults=1&children=0&infants=0&check_in=2019-05-01&check_out=2019-05-05,70.00,319.73,1 shared bath,1.000000,1 bed,1 bedroom,1,1,-37.813520,144.970240,TRUE,TRUE,TRUE,FALSE,FALSE,TRUE
Melbourne City,1752177,Cozy Apartment in Central Business District,Melbourne,Entire apartment,Entire home/apt,entire_home,Entire apartment,https://www.airbnb.com.au/rooms/1752177?guests=1&adults=1&children=0&infants=0&check_in=2019-05-01&check_out=2019-05-05,133.50,672.58,1 bath,1.000000,1 bed,Studio,0,1,-37.809850,144.970640,FALSE,TRUE,TRUE,FALSE,FALSE,TRUE
Melbourne City,16450000,The Sierra studio in Melbourne CBD - Gym + pool,Melbourne,Entire apartment,Entire home/apt,entire_home,Entire apartment,https://www.airbnb.com.au/rooms/16450000?guests=1&adults=1&children=0&infants=0&check_in=2019-05-01&check_out=2019-05-05,104.00,515.00,1 bath,1.000000,1 bed,Studio,0,1,-37.815582,144.953079,FALSE,TRUE,TRUE,FALSE,FALSE,TRUE
Melbourne City,6009923,A Cozy CBD Residence Next to Southern Cross,Melbourne,Entire apartment,Entire home/apt,entire_home,Entire apartment,https://www.airbnb.com.au/rooms/6009923?guests=1&adults=1&children=0&infants=0&check_in=2019-05-01&check_out=2019-05-05,136.50,702.27,1 bath,1.000000,2 beds,1 bedroom,1,2,-37.815030,144.954070,FALSE,TRUE,TRUE,FALSE,FALSE,TRUE
Melbourne City,20004507,Noir Abode - Bourke Street,Melbourne,Entire apartment,Entire home/apt,entire_home,Entire apartment,https://www.airbnb.com.au/rooms/20004507?guests=1&adults=1&children=0&infants=0&check_in=2019-05-01&check_out=2019-05-05,137.00,699.99,1 bath,1.000000,1 bed,1 bedroom,1,1,-37.812320,144.969420,FALSE,TRUE,TRUE,FALSE,FALSE,TRUE
Melbourne City,11381566,Melbourne CBD-Queen Victoria Market-Flagstaff Apt,Melbourne,Entire apartment,Entire home/apt,entire_home,Entire apartment,https://www.airbnb.com.au/rooms/11381566?guests=1&adults=1&children=0&infants=0&check_in=2019-05-01&check_out=2019-05-05,119.00,605.21,1 bath,1.000000,2 beds,1 bedroom,1,2,-37.810680,144.957001,TRUE,TRUE,TRUE,FALSE,FALSE,TRUE
Melbourne City,21603584,See Melbourne from the Balcony of a Chic CBD Suite,Melbourne,Entire apartment,Entire home/apt,entire_home,Entire apartment,https://www.airbnb.com.au/rooms/21603584?guests=1&adults=1&children=0&infants=0&check_in=2019-05-01&check_out=2019-05-05,161.50,827.88,1 bath,1.000000,1 bed,1 bedroom,1,1,-37.814570,144.954910,FALSE,TRUE,TRUE,FALSE,FALSE,TRUE
Melbourne City,19230960,☼ Simple life studio in Mel CBD ☼,Melbourne,Entire apartment,Entire home/apt,entire_home,Entire apartment,https://www.airbnb.com.au/rooms/19230960?guests=1&adults=1&children=0&infants=0&check_in=2019-05-01&check_out=2019-05-05,101.00,489.87,1 bath,1.000000,1 bed,Studio,0,1,-37.814750,144.954000,FALSE,TRUE,TRUE,FALSE,FALSE,TRUE
Melbourne City,8119210,"Best CBD Location, MELBOURNE CENTRAL + FREE WiFi",Melbourne,Entire apartment,Entire home/apt,entire_home,Entire apartment,https://www.airbnb.com.au/rooms/8119210?guests=1&adults=1&children=0&infants=0&check_in=2019-05-01&check_out=2019-05-05,136.50,702.27,1 bath,1.000000,2 beds,1 bedroom,1,2,-37.812490,144.959810,FALSE,TRUE,TRUE,FALSE,FALSE,TRUE
Melbourne City,12360168,Chic City Living in the Central Business District,Melbourne ,Entire apartment,Entire home/apt,entire_home,Entire apartment,https://www.airbnb.com.au/rooms/12360168?guests=1&adults=1&children=0&infants=0&check_in=2019-05-01&check_out=2019-05-05,174.00,896.40,1 bath,1.000000,2 beds,2 bedrooms,2,2,-37.815700,144.956220,FALSE,TRUE,TRUE,FALSE,TRUE,TRUE
Melbourne City,21290848,A Cozy CBD Suite with an Amazing View of the Yarra,Melbourne,Entire apartment,Entire home/apt,entire_home,Entire apartment,https://www.airbnb.com.au/rooms/21290848?guests=1&adults=1&children=0&infants=0&check_in=2019-05-01&check_out=2019-05-05,136.50,702.27,1 bath,1.000000,2 beds,1 bedroom,1,2,-37.815010,144.953568,FALSE,TRUE,TRUE,FALSE,FALSE,TRUE
Melbourne City,12521556,A Modern & Spacious CBD Home Near Southern Cross,Melbourne,Entire apartment,Entire home/apt,entire_home,Entire apartment,https://www.airbnb.com.au/rooms/12521556?guests=1&adults=1&children=0&infants=0&check_in=2019-05-01&check_out=2019-05-05,126.50,656.60,1 bath,1.000000,2 beds,1 bedroom,1,2,-37.815840,144.954010,FALSE,TRUE,TRUE,FALSE,FALSE,TRUE
Melbourne City,15211834,Wake Up to Sweeping City Views at Beautiful Modern Home,Melbourne,Entire apartment,Entire home/apt,entire_home,Entire apartment,https://www.airbnb.com.au/rooms/15211834?guests=1&adults=1&children=0&infants=0&check_in=2019-05-01&check_out=2019-05-05,144.00,770.79,1 bath,1.000000,2 beds,2 bedrooms,2,2,-37.814260,144.953170,FALSE,TRUE,TRUE,FALSE,FALSE,TRUE
Melbourne City,16369125,Cosy Nest in Elizabeth Near Flinders St Station.,Melbourne,Entire apartment,Entire home/apt,entire_home,Entire apartment,https://www.airbnb.com.au/rooms/16369125?guests=1&adults=1&children=0&infants=0&check_in=2019-05-01&check_out=2019-05-05,105.00,525.27,1 bath,1.000000,1 bed,1 bedroom,1,1,-37.815680,144.963490,TRUE,TRUE,TRUE,FALSE,FALSE,TRUE
Melbourne City,22002001,27th floor Cosy & Modern CBD apartment with Pool,Melbourne,Entire apartment,Entire home/apt,entire_home,Entire apartment,https://www.airbnb.com.au/rooms/22002001?guests=1&adults=1&children=0&infants=0&check_in=2019-05-01&check_out=2019-05-05,109.00,543.54,1 bath,1.000000,2 beds,1 bedroom,1,2,-37.817840,144.954720,FALSE,TRUE,TRUE,FALSE,FALSE,TRUE
Melbourne City,18513583,European style city apartment in Melbourne CBD,Melbourne,Entire apartment,Entire home/apt,entire_home,Entire apartment,https://www.airbnb.com.au/rooms/18513583?guests=1&adults=1&children=0&infants=0&check_in=2019-05-01&check_out=2019-05-05,106.25,552.68,1 bath,1.000000,1 bed,1 bedroom,1,1,-37.809628,144.959610,FALSE,TRUE,TRUE,FALSE,FALSE,TRUE
Melbourne City,12095366,"Cozy CBD Apartment, FEDERATION SQUARE, FREE WiFi",Melbourne,Entire apartment,Entire home/apt,entire_home,Entire apartment,https://www.airbnb.com.au/rooms/12095366?guests=1&adults=1&children=0&infants=0&check_in=2019-05-01&check_out=2019-05-05,141.50,736.53,1 bath,1.000000,2 beds,1 bedroom,1,2,-37.817400,144.972710,TRUE,TRUE,TRUE,FALSE,FALSE,TRUE
Melbourne City,862199,Great location CBD 1BR home,Carlton,Entire apartment,Entire home/apt,entire_home,Entire apartment,https://www.airbnb.com.au/rooms/862199?guests=1&adults=1&children=0&infants=0&check_in=2019-05-01&check_out=2019-05-05,90.00,411.08,1 bath,1.000000,2 beds,1 bedroom,1,2,-37.805440,144.962470,FALSE,TRUE,TRUE,FALSE,FALSE,TRUE
Melbourne City,15084917,Central apartment with a spectacular view!,Melbourne ,Entire apartment,Entire home/apt,entire_home,Entire apartment,https://www.airbnb.com.au/rooms/15084917?guests=1&adults=1&children=0&infants=0&check_in=2019-05-01&check_out=2019-05-05,139.00,634.89,1 bath,1.000000,1 bed,1 bedroom,1,1,-37.808810,144.960260,TRUE,TRUE,TRUE,FALSE,FALSE,TRUE
Melbourne City,13741449,The Secret Garden 2 bedroom 2 bath in CBD gym pool,Melbourne,Entire apartment,Entire home/apt,entire_home,Entire apartment,https://www.airbnb.com.au/rooms/13741449?guests=1&adults=1&children=0&infants=0&check_in=2019-05-01&check_out=2019-05-05,184.00,914.66,2 baths,2.000000,5 beds,2 bedrooms,2,5,-37.815582,144.953079,FALSE,TRUE,TRUE,FALSE,FALSE,TRUE
Melbourne City,8121793,Explore Melbourne from a Stylish Apartment with Pool Access,Melbourne,Entire condominium,Entire home/apt,entire_home,Entire condominium,https://www.airbnb.com.au/rooms/8121793?guests=1&adults=1&children=0&infants=0&check_in=2019-05-01&check_out=2019-05-05,140.25,709.12,1 bath,1.000000,2 beds,1 bedroom,1,2,-37.818672,144.954330,FALSE,TRUE,TRUE,FALSE,FALSE,TRUE
Melbourne City,16165358,Classic Collins Street Apartment,Melbourne,Entire apartment,Entire home/apt,entire_home,Entire apartment,https://www.airbnb.com.au/rooms/16165358?guests=1&adults=1&children=0&infants=0&check_in=2019-05-01&check_out=2019-05-05,158.00,790.20,1 bath,1.000000,1 bed,1 bedroom,1,1,-37.815340,144.966060,FALSE,TRUE,TRUE,FALSE,FALSE,TRUE
Melbourne City,14794255,"""Yours"" ELEGANT CBD PAD NETFLIX/APPLE TV WIFI",Melbourne,Entire condominium,Entire home/apt,entire_home,Entire condominium,https://www.airbnb.com.au/rooms/14794255?guests=1&adults=1&children=0&infants=0&check_in=2019-05-01&check_out=2019-05-05,120.75,607.49,1 bath,1.000000,2 beds,1 bedroom,1,2,-37.814410,144.953320,FALSE,TRUE,TRUE,FALSE,FALSE,TRUE
Melbourne City,557900,Look out over the CBD from a Boutique Flat,Melbourne,Entire apartment,Entire home/apt,entire_home,Entire apartment,https://www.airbnb.com.au/rooms/557900?guests=1&adults=1&children=0&infants=0&check_in=2019-05-01&check_out=2019-05-05,215.00,1050.55,1 bath,1.000000,1 bed,1 bedroom,1,1,-37.817520,144.965230,FALSE,TRUE,TRUE,FALSE,FALSE,TRUE
Melbourne City,2053828,Fireworks/Sunset View/Pool Gym Garden,Melbourne,Entire apartment,Entire home/apt,entire_home,Entire apartment,https://www.airbnb.com.au/rooms/2053828?guests=1&adults=1&children=0&infants=0&check_in=2019-05-01&check_out=2019-05-05,128.00,641.75,1 bath,1.000000,1 bed,1 bedroom,1,1,-37.816100,144.953740,TRUE,FALSE,FALSE,FALSE,FALSE,TRUE
Melbourne City,8982579,Executive 1 Bed Paradise Suite CBD Melbourne!,Melbourne,Entire apartment,Entire home/apt,entire_home,Entire apartment,https://www.airbnb.com.au/rooms/8982579?guests=1&adults=1&children=0&infants=0&check_in=2019-05-01&check_out=2019-05-05,140.00,707.98,1 bath,1.000000,1 bed,1 bedroom,1,1,-37.810490,144.960600,TRUE,TRUE,TRUE,FALSE,FALSE,TRUE
Melbourne City,22133846,Executive High-Rise Apartment with Pool and Sauna,Melbourne,Entire apartment,Entire home/apt,entire_home,Entire apartment,https://www.airbnb.com.au/rooms/22133846?guests=1&adults=1&children=0&infants=0&check_in=2019-05-01&check_out=2019-05-05,189.00,937.50,1 bath,1.000000,1 bed,1 bedroom,1,1,-37.814470,144.953330,FALSE,TRUE,TRUE,FALSE,FALSE,TRUE
Melbourne City,15380563,The Starlight studio apartment in Melbourne CBD,Melbourne,Entire apartment,Entire home/apt,entire_home,Entire apartment,https://www.airbnb.com.au/rooms/15380563?guests=1&adults=1&children=0&infants=0&check_in=2019-05-01&check_out=2019-05-05,107.00,533.26,1 bath,1.000000,2 beds,Studio,0,2,-37.815582,144.953079,FALSE,TRUE,TRUE,FALSE,FALSE,TRUE
Melbourne City,15328278,Prime CBD Location with tree top views,Melbourne,Entire apartment,Entire home/apt,entire_home,Entire apartment,https://www.airbnb.com.au/rooms/15328278?guests=1&adults=1&children=0&infants=0&check_in=2019-05-01&check_out=2019-05-05,136.50,623.47,1 bath,1.000000,1 bed,1 bedroom,1,1,-37.815857,144.972031,TRUE,TRUE,FALSE,FALSE,FALSE,TRUE
Melbourne City,15108905,A Centrally Located CBD Studio Near Hardware Lane,Melbourne,Entire apartment,Entire home/apt,entire_home,Entire apartment,https://www.airbnb.com.au/rooms/15108905?guests=1&adults=1&children=0&infants=0&check_in=2019-05-01&check_out=2019-05-05,116.50,622.34,1 bath,1.000000,2 beds,Studio,0,2,-37.812250,144.961390,FALSE,TRUE,FALSE,FALSE,FALSE,TRUE
Melbourne City,9958453,☁ON CLOUD9☁Melbourne CBD Modern 1BR,Melbourne,Entire apartment,Entire home/apt,entire_home,Entire apartment,https://www.airbnb.com.au/rooms/9958453?guests=1&adults=1&children=0&infants=0&check_in=2019-05-01&check_out=2019-05-05,129.25,680.57,1 bath,1.000000,2 beds,1 bedroom,1,2,-37.809520,144.960920,FALSE,TRUE,TRUE,FALSE,FALSE,TRUE
Melbourne City,7490588,central&quiet CBD 2 bed apt free carpark/pool/gym,Melbourne,Entire apartment,Entire home/apt,entire_home,Entire apartment,https://www.airbnb.com.au/rooms/7490588?guests=1&adults=1&children=0&infants=0&check_in=2019-05-01&check_out=2019-05-05,194.00,948.92,1 bath,1.000000,4 beds,2 bedrooms,2,4,-37.814780,144.951550,TRUE,TRUE,TRUE,TRUE,FALSE,TRUE
Melbourne City,14526853,The Palazzo 2 bd 2 bath apt in Melb CBD gym pool,Melbourne,Entire apartment,Entire home/apt,entire_home,Entire apartment,https://www.airbnb.com.au/rooms/14526853?guests=1&adults=1&children=0&infants=0&check_in=2019-05-01&check_out=2019-05-05,182.00,905.53,2 baths,2.000000,3 beds,2 bedrooms,2,3,-37.815426,144.954239,FALSE,TRUE,TRUE,FALSE,FALSE,TRUE
Melbourne City,14865167,Amazing CBD View. Flexi Check in and Out. Msg Me,Melbourne,Entire apartment,Entire home/apt,entire_home,Entire apartment,https://www.airbnb.com.au/rooms/14865167?guests=1&adults=1&children=0&infants=0&check_in=2019-05-01&check_out=2019-05-05,110.25,577.80,1 bath,1.000000,2 beds,1 bedroom,1,2,-37.808258,144.967636,FALSE,TRUE,TRUE,FALSE,FALSE,TRUE
Melbourne City,13765466,The Fashionista studio apt in Melbourne CBD,Melbourne,Entire apartment,Entire home/apt,entire_home,Entire apartment,https://www.airbnb.com.au/rooms/13765466?guests=1&adults=1&children=0&infants=0&check_in=2019-05-01&check_out=2019-05-05,112.00,556.10,1 bath,1.000000,2 beds,Studio,0,2,-37.815582,144.953079,FALSE,TRUE,TRUE,FALSE,FALSE,TRUE
Melbourne City,14477158,"Mid Sky Studio in Melb CBD!free tram, >1min skybus",Melbourne,Entire apartment,Entire home/apt,entire_home,Entire apartment,https://www.airbnb.com.au/rooms/14477158?guests=1&adults=1&children=0&infants=0&check_in=2019-05-01&check_out=2019-05-05,147.50,673.72,1 bath,1.000000,2 beds,Studio,0,2,-37.814560,144.953960,FALSE,TRUE,TRUE,FALSE,FALSE,TRUE
Melbourne City,7993092,Furnished Apt in the Heart of CBD opposite skybus!,Melbourne,Entire apartment,Entire home/apt,entire_home,Entire apartment,https://www.airbnb.com.au/rooms/7993092?guests=1&adults=1&children=0&infants=0&check_in=2019-05-01&check_out=2019-05-05,135.00,616.63,1 bath,1.000000,1 bed,1 bedroom,1,1,-37.815520,144.952910,FALSE,TRUE,TRUE,FALSE,FALSE,TRUE
Melbourne City,10652565,The Sunrise 2bd Apt Melb CBD free gym pool sauna,Melbourne,Entire apartment,Entire home/apt,entire_home,Entire apartment,https://www.airbnb.com.au/rooms/10652565?guests=1&adults=1&children=0&infants=0&check_in=2019-05-01&check_out=2019-05-05,166.50,827.88,1 bath,1.000000,3 beds,2 bedrooms,2,3,-37.815708,144.953033,FALSE,TRUE,TRUE,FALSE,FALSE,TRUE
Melbourne City,15345114,Affordable and Stylish Melbourne City Apartment,Melbourne,Entire apartment,Entire home/apt,entire_home,Entire apartment,https://www.airbnb.com.au/rooms/15345114?guests=1&adults=1&children=0&infants=0&check_in=2019-05-01&check_out=2019-05-05,86.00,484.17,1 bath,1.000000,2 beds,1 bedroom,1,2,-37.809590,144.962270,FALSE,TRUE,TRUE,FALSE,FALSE,TRUE
Melbourne City,14129846,The Emonér in Melbourne's CBD,Melbourne,Entire apartment,Entire home/apt,entire_home,Entire apartment,https://www.airbnb.com.au/rooms/14129846?guests=1&adults=1&children=0&infants=0&check_in=2019-05-01&check_out=2019-05-05,124.00,622.34,1 bath,1.000000,2 beds,1 bedroom,1,2,-37.817280,144.953820,TRUE,TRUE,TRUE,TRUE,FALSE,TRUE
Melbourne City,11283474,A Cozy & Modern CBD Suite Near Federation Square,Melbourne,Entire apartment,Entire home/apt,entire_home,Entire apartment,https://www.airbnb.com.au/rooms/11283474?guests=1&adults=1&children=0&infants=0&check_in=2019-05-01&check_out=2019-05-05,139.00,725.11,1 bath,1.000000,2 beds,1 bedroom,1,2,-37.816640,144.970150,TRUE,TRUE,TRUE,FALSE,FALSE,TRUE
Melbourne City,7968022,The Panorama 1 Bd apt + fireworks in Melbourne CBD,Melbourne,Entire apartment,Entire home/apt,entire_home,Entire apartment,https://www.airbnb.com.au/rooms/7968022?guests=1&adults=1&children=0&infants=0&check_in=2019-05-01&check_out=2019-05-05,135.00,672.58,1 bath,1.000000,2 beds,1 bedroom,1,2,-37.815708,144.953033,FALSE,TRUE,TRUE,FALSE,FALSE,TRUE
Melbourne City,15808009,2bdr 2mins to Southern Cross station free carpark,Melbourne,Entire apartment,Entire home/apt,entire_home,Entire apartment,https://www.airbnb.com.au/rooms/15808009?guests=1&adults=1&children=0&infants=0&check_in=2019-05-01&check_out=2019-05-05,168.00,846.15,1 bath,1.000000,3 beds,2 bedrooms,2,3,-37.814020,144.963340,FALSE,TRUE,TRUE,TRUE,FALSE,TRUE
Melbourne City,21875052,Living by the Clouds - 1BR Apt @ Melb Central #1,Melbourne,Entire apartment,Entire home/apt,entire_home,Entire apartment,https://www.airbnb.com.au/rooms/21875052?guests=1&adults=1&children=0&infants=0&check_in=2019-05-01&check_out=2019-05-05,137.50,706.84,1 bath,1.000000,1 bed,1 bedroom,1,1,-37.810707,144.960815,TRUE,TRUE,TRUE,FALSE,FALSE,TRUE
Melbourne City,14094655,The Alba on Collins in Melbourne CBD,Melbourne,Entire apartment,Entire home/apt,entire_home,Entire apartment,https://www.airbnb.com.au/rooms/14094655?guests=1&adults=1&children=0&infants=0&check_in=2019-05-01&check_out=2019-05-05,126.50,668.02,1 bath,1.000000,2 beds,1 bedroom,1,2,-37.818710,144.954850,TRUE,TRUE,TRUE,FALSE,FALSE,TRUE
Melbourne City,3947279,Central Melbourne Studio Apartment,Melbourne,Entire apartment,Entire home/apt,entire_home,Entire apartment,https://www.airbnb.com.au/rooms/3947279?guests=1&adults=1&children=0&infants=0&check_in=2019-05-01&check_out=2019-05-05,95.25,492.16,1 bath,1.000000,1 bed,1 bedroom,1,1,-37.814090,144.966900,FALSE,TRUE,FALSE,FALSE,FALSE,TRUE
Melbourne City,23791351,2BR Empire Suites in Melbourne CBD (FREE Parking),Melbourne,Entire apartment,Entire home/apt,entire_home,Entire apartment,https://www.airbnb.com.au/rooms/23791351?guests=1&adults=1&children=0&infants=0&check_in=2019-05-01&check_out=2019-05-05,176.50,904.39,1 bath,1.000000,2 beds,2 bedrooms,2,2,-37.809113,144.961502,FALSE,TRUE,TRUE,TRUE,FALSE,TRUE
Melbourne City,16877489,EQ Tower Luxury 1 Bedroom Central Melbourne,Melbourne,Entire apartment,Entire home/apt,entire_home,Entire apartment,https://www.airbnb.com.au/rooms/16877489?guests=1&adults=1&children=0&infants=0&check_in=2019-05-01&check_out=2019-05-05,132.00,665.73,1 bath,1.000000,2 beds,1 bedroom,1,2,-37.809696,144.959503,TRUE,TRUE,TRUE,FALSE,FALSE,TRUE
Melbourne City,15273990,A Cozy CBD Home with a View of the Yarra,Melbourne,Entire apartment,Entire home/apt,entire_home,Entire apartment,https://www.airbnb.com.au/rooms/15273990?guests=1&adults=1&children=0&infants=0&check_in=2019-05-01&check_out=2019-05-05,136.50,713.69,1 bath,1.000000,1 bed,1 bedroom,1,1,-37.816730,144.953280,FALSE,TRUE,TRUE,FALSE,FALSE,TRUE
Melbourne City,2327860,Sea View 2Mins to Station FREE (Tram/POOL/GYM),Melbourne,Entire apartment,Entire home/apt,entire_home,Entire apartment,https://www.airbnb.com.au/rooms/2327860?guests=1&adults=1&children=0&infants=0&check_in=2019-05-01&check_out=2019-05-05,243.50,1197.85,2 baths,2.000000,5 beds,2 bedrooms,2,5,-37.814660,144.951520,FALSE,TRUE,TRUE,FALSE,FALSE,TRUE
Melbourne City,26401750,Modern n Cosy L37 Hidden Gem in the heart of Melb,Melbourne,Entire apartment,Entire home/apt,entire_home,Entire apartment,https://www.airbnb.com.au/rooms/26401750?guests=1&adults=1&children=0&infants=0&check_in=2019-05-01&check_out=2019-05-05,106.00,558.39,1 bath,1.000000,1 bed,1 bedroom,1,1,-37.809036,144.961090,FALSE,TRUE,TRUE,FALSE,FALSE,TRUE
Melbourne City,18655837,[STAY 4 PAX] 1-BR Apt Next to Emporium (City View),Melbourne,Entire apartment,Entire home/apt,entire_home,Entire apartment,https://www.airbnb.com.au/rooms/18655837?guests=1&adults=1&children=0&infants=0&check_in=2019-05-01&check_out=2019-05-05,125.00,656.60,1 bath,1.000000,2 beds,1 bedroom,1,2,-37.812870,144.961890,FALSE,TRUE,TRUE,FALSE,FALSE,TRUE
Melbourne City,9738381,Stylish Apartment with Balcony Views,Melbourne,Entire apartment,Entire home/apt,entire_home,Entire apartment,https://www.airbnb.com.au/rooms/9738381?guests=1&adults=1&children=0&infants=0&check_in=2019-05-01&check_out=2019-05-05,185.00,902.10,1 bath,1.000000,1 bed,1 bedroom,1,1,-37.813360,144.969240,FALSE,TRUE,TRUE,FALSE,FALSE,TRUE
Melbourne City,21989334,Friendly central stay/Enjoy all the convenience⍢⃝,Melbourne,Private room in apartment,Private room,private_room,Private room,https://www.airbnb.com.au/rooms/21989334?guests=1&adults=1&children=0&infants=0&check_in=2019-05-01&check_out=2019-05-05,68.00,310.60,1 shared bath,1.000000,1 bed,1 bedroom,1,1,-37.808380,144.959610,FALSE,FALSE,TRUE,FALSE,FALSE,TRUE
Melbourne City,13059794,The Harbour view 2bd 2bath apt in CBD,Melbourne,Entire apartment,Entire home/apt,entire_home,Entire apartment,https://www.airbnb.com.au/rooms/13059794?guests=1&adults=1&children=0&infants=0&check_in=2019-05-01&check_out=2019-05-05,182.00,905.53,2 baths,2.000000,4 beds,2 bedrooms,2,4,-37.815708,144.953033,FALSE,TRUE,TRUE,FALSE,FALSE,TRUE
Melbourne City,16394007,Sleek Apartment Close to Federation Square,Melbourne,Entire apartment,Entire home/apt,entire_home,Entire apartment,https://www.airbnb.com.au/rooms/16394007?guests=1&adults=1&children=0&infants=0&check_in=2019-05-01&check_out=2019-05-05,205.00,1004.87,2 baths,2.000000,2 beds,2 bedrooms,2,2,-37.815360,144.972100,FALSE,TRUE,TRUE,TRUE,FALSE,TRUE
Melbourne City,9242191,New York Style Living@Melb CBD,Melbourne,Entire apartment,Entire home/apt,entire_home,Entire apartment,https://www.airbnb.com.au/rooms/9242191?guests=1&adults=1&children=0&infants=0&check_in=2019-05-01&check_out=2019-05-05,117.00,584.66,1.5 baths,1.500000,2 beds,1 bedroom,1,2,-37.815620,144.956470,FALSE,TRUE,TRUE,FALSE,FALSE,TRUE
Melbourne City,19594576,*CBD Art-Inspired Home - Superb Location!,Melbourne,Entire apartment,Entire home/apt,entire_home,Entire apartment,https://www.airbnb.com.au/rooms/19594576?guests=1&adults=1&children=0&infants=0&check_in=2019-05-01&check_out=2019-05-05,115.25,583.51,1 bath,1.000000,2 beds,1 bedroom,1,2,-37.806460,144.961140,FALSE,TRUE,TRUE,FALSE,FALSE,TRUE
Melbourne City,22972222,(Golden Rose) In front of southern cross station,Melbourne,Entire apartment,Entire home/apt,entire_home,Entire apartment,https://www.airbnb.com.au/rooms/22972222?guests=1&adults=1&children=0&infants=0&check_in=2019-05-01&check_out=2019-05-05,132.50,662.30,1 bath,1.000000,1 bed,1 bedroom,1,1,-37.816269,144.953262,TRUE,TRUE,TRUE,FALSE,FALSE,TRUE
Melbourne City,20791981,"Private room apt, CBD free tram zone",Melbourne,Private room in apartment,Private room,private_room,Private room,https://www.airbnb.com.au/rooms/20791981?guests=1&adults=1&children=0&infants=0&check_in=2019-05-01&check_out=2019-05-05,59.00,292.32,1 private bath,1.000000,1 bed,1 bedroom,1,1,-37.815760,144.952760,FALSE,TRUE,TRUE,FALSE,FALSE,TRUE
Melbourne City,18794160,CBD 37TH FLOOR 2BR SUITE FITS 8 - FREE PARKING,Melbourne,Entire condominium,Entire home/apt,entire_home,Entire condominium,https://www.airbnb.com.au/rooms/18794160?guests=1&adults=1&children=0&infants=0&check_in=2019-05-01&check_out=2019-05-05,153.50,791.34,1 bath,1.000000,5 beds,2 bedrooms,2,5,-37.815200,144.953630,TRUE,TRUE,TRUE,TRUE,FALSE,TRUE
Melbourne City,2079904,MODERN 1-BR APT - 5★ REVIEWS + SUPERB VIEW,Melbourne,Entire apartment,Entire home/apt,entire_home,Entire apartment,https://www.airbnb.com.au/rooms/2079904?guests=1&adults=1&children=0&infants=0&check_in=2019-05-01&check_out=2019-05-05,132.00,660.02,1 bath,1.000000,1 bed,1 bedroom,1,1,-37.816574,144.953247,FALSE,TRUE,TRUE,FALSE,FALSE,TRUE
Melbourne City,11230877,#5 StarRated# BEST CBD Location & CityView 2BR Apt,Melbourne,Entire apartment,Entire home/apt,entire_home,Entire apartment,https://www.airbnb.com.au/rooms/11230877?guests=1&adults=1&children=0&infants=0&check_in=2019-05-01&check_out=2019-05-05,153.25,768.50,1 bath,1.000000,3 beds,2 bedrooms,2,3,-37.809730,144.961320,FALSE,TRUE,TRUE,FALSE,FALSE,TRUE
Melbourne City,14096409,Comfortable Studio Apartment near Parliament House,Melbourne,Entire apartment,Entire home/apt,entire_home,Entire apartment,https://www.airbnb.com.au/rooms/14096409?guests=1&adults=1&children=0&infants=0&check_in=2019-05-01&check_out=2019-05-05,145.00,719.40,1 bath,1.000000,1 bed,Studio,0,1,-37.811459,144.971695,FALSE,TRUE,TRUE,FALSE,FALSE,TRUE
Melbourne City,14220803,A Cozy CBD Suite Near Southern Cross + Pool & Gym,Melbourne,Entire apartment,Entire home/apt,entire_home,Entire apartment,https://www.airbnb.com.au/rooms/14220803?guests=1&adults=1&children=0&infants=0&check_in=2019-05-01&check_out=2019-05-05,136.50,702.27,1 bath,1.000000,2 beds,1 bedroom,1,2,-37.816420,144.953500,FALSE,TRUE,TRUE,FALSE,FALSE,TRUE
Melbourne City,8447443,Luxury Top Floor #1 ~2bdm CBD ((Wi-Fi & Car Park)),Melbourne,Entire serviced apartment,Entire home/apt,entire_home,Entire serviced apartment,https://www.airbnb.com.au/rooms/8447443?guests=1&adults=1&children=0&infants=0&check_in=2019-05-01&check_out=2019-05-05,142.00,727.39,1 bath,1.000000,4 beds,2 bedrooms,2,4,-37.815520,144.955270,TRUE,TRUE,TRUE,TRUE,FALSE,TRUE
Melbourne City,14861568,Downtown City Apartment by Hosier Lane,Melbourne,Entire apartment,Entire home/apt,entire_home,Entire apartment,https://www.airbnb.com.au/rooms/14861568?guests=1&adults=1&children=0&infants=0&check_in=2019-05-01&check_out=2019-05-05,250.00,1256.09,1 bath,1.000000,4 beds,3 bedrooms,3,4,-37.816757,144.969116,FALSE,TRUE,FALSE,FALSE,FALSE,TRUE
Melbourne City,20561482,Apartment 1707,Melbourne,Private room in apartment,Private room,private_room,Private room,https://www.airbnb.com.au/rooms/20561482?guests=1&adults=1&children=0&infants=0&check_in=2019-05-01&check_out=2019-05-05,71.31,318.96,1 shared bath,1.000000,1 bed,1 bedroom,1,1,-37.811630,144.961160,TRUE,TRUE,FALSE,FALSE,TRUE,TRUE
Melbourne City,933044,"Spacious, Bright Apartment in CBD",Melbourne,Entire apartment,Entire home/apt,entire_home,Entire apartment,https://www.airbnb.com.au/rooms/933044?guests=1&adults=1&children=0&infants=0&check_in=2019-05-01&check_out=2019-05-05,190.00,936.36,1 bath,1.000000,1 bed,1 bedroom,1,1,-37.814550,144.962670,FALSE,TRUE,TRUE,FALSE,FALSE,TRUE
Melbourne City,20792711,"Private room apt, CBD free tram zone'",Melbourne,Private room in apartment,Private room,private_room,Private room,https://www.airbnb.com.au/rooms/20792711?guests=1&adults=1&children=0&infants=0&check_in=2019-05-01&check_out=2019-05-05,81.50,395.09,1 private bath,1.000000,1 bed,1 bedroom,1,1,-37.815990,144.953860,FALSE,TRUE,TRUE,FALSE,FALSE,TRUE
Melbourne City,20131690,07 - 1810LH · Room Seven Flamingo Arty Feels at a Central Pad,Melbourne,Entire apartment,Entire home/apt,entire_home,Entire apartment,https://www.airbnb.com.au/rooms/20131690?guests=1&adults=1&children=0&infants=0&check_in=2019-05-01&check_out=2019-05-05,204.00,1022.01,1 bath,1.000000,2 beds,2 bedrooms,2,2,-37.808369,144.960876,FALSE,TRUE,TRUE,FALSE,FALSE,TRUE
Melbourne City,13105095,Magnificent View 1 Bedroom CBD Apartment,Melbourne,Entire apartment,Entire home/apt,entire_home,Entire apartment,https://www.airbnb.com.au/rooms/13105095?guests=1&adults=1&children=0&infants=0&check_in=2019-05-01&check_out=2019-05-05,117.00,608.64,1 bath,1.000000,2 beds,1 bedroom,1,2,-37.815708,144.953033,FALSE,TRUE,TRUE,FALSE,FALSE,TRUE
Melbourne City,20777618,FREE PARKING - Gorgeous Cozy Midtown Apartment,Melbourne,Entire apartment,Entire home/apt,entire_home,Entire apartment,https://www.airbnb.com.au/rooms/20777618?guests=1&adults=1&children=0&infants=0&check_in=2019-05-01&check_out=2019-05-05,158.50,802.76,1 bath,1.000000,2 beds,1 bedroom,1,2,-37.814850,144.953812,FALSE,TRUE,TRUE,TRUE,FALSE,TRUE
Melbourne City,20787600,Cozy City Studio Heart of Melbourne,Melbourne,Entire apartment,Entire home/apt,entire_home,Entire apartment,https://www.airbnb.com.au/rooms/20787600?guests=1&adults=1&children=0&infants=0&check_in=2019-05-01&check_out=2019-05-05,109.00,566.38,1 bath,1.000000,1 bed,Studio,0,1,-37.818600,144.965100,TRUE,TRUE,FALSE,FALSE,FALSE,TRUE
Melbourne City,10714041,*NEW Boutique Perfectly Central Apt,Melbourne,Entire apartment,Entire home/apt,entire_home,Entire apartment,https://www.airbnb.com.au/rooms/10714041?guests=1&adults=1&children=0&infants=0&check_in=2019-05-01&check_out=2019-05-05,177.50,856.43,1 bath,1.000000,1 bed,1 bedroom,1,1,-37.817080,144.970220,FALSE,TRUE,TRUE,FALSE,FALSE,TRUE
Melbourne City,21517661,Vivid Centre City Living*Free Parking*2 Bedrooms,Melbourne,Entire apartment,Entire home/apt,entire_home,Entire apartment,https://www.airbnb.com.au/rooms/21517661?guests=1&adults=1&children=0&infants=0&check_in=2019-05-01&check_out=2019-05-05,129.75,671.44,1 bath,1.000000,2 beds,2 bedrooms,2,2,-37.808510,144.962890,TRUE,FALSE,TRUE,TRUE,FALSE,TRUE
Melbourne City,1652186,Charming Large Apartment Best City Location,Melbourne,Entire apartment,Entire home/apt,entire_home,Entire apartment,https://www.airbnb.com.au/rooms/1652186?guests=1&adults=1&children=0&infants=0&check_in=2019-05-01&check_out=2019-05-05,222.00,1088.23,1 bath,1.000000,5 beds,2 bedrooms,2,5,-37.816250,144.968810,FALSE,TRUE,FALSE,FALSE,FALSE,TRUE
Melbourne City,15919556,The Westside 2 bd 2 bath apt in Melb CBD GYM POOL,Melbourne,Entire apartment,Entire home/apt,entire_home,Entire apartment,https://www.airbnb.com.au/rooms/15919556?guests=1&adults=1&children=0&infants=0&check_in=2019-05-01&check_out=2019-05-05,174.50,864.42,2 baths,2.000000,3 beds,2 bedrooms,2,3,-37.815685,144.952881,FALSE,TRUE,TRUE,FALSE,FALSE,TRUE
Melbourne City,22477159,Top Floor Suite with Panoramic Views,Melbourne,Entire apartment,Entire home/apt,entire_home,Entire apartment,https://www.airbnb.com.au/rooms/22477159?guests=1&adults=1&children=0&infants=0&check_in=2019-05-01&check_out=2019-05-05,147.50,742.24,1 bath,1.000000,2 beds,1 bedroom,1,2,-37.808900,144.960720,TRUE,TRUE,TRUE,FALSE,FALSE,TRUE
Melbourne City,9656450,A Cozy CBD Suite on Collins St Near Southern Cross,Melbourne,Entire apartment,Entire home/apt,entire_home,Entire apartment,https://www.airbnb.com.au/rooms/9656450?guests=1&adults=1&children=0&infants=0&check_in=2019-05-01&check_out=2019-05-05,126.50,668.02,1 bath,1.000000,2 beds,1 bedroom,1,2,-37.817450,144.954330,TRUE,TRUE,TRUE,FALSE,FALSE,TRUE
Melbourne City,25380740,Cozy&Luxury 2 Bedroom Apartment Inner CBD,Melbourne,Entire apartment,Entire home/apt,entire_home,Entire apartment,https://www.airbnb.com.au/rooms/25380740?guests=1&adults=1&children=0&infants=0&check_in=2019-05-01&check_out=2019-05-05,129.50,637.18,1 bath,1.000000,4 beds,2 bedrooms,2,4,-37.815760,144.954730,FALSE,TRUE,TRUE,FALSE,FALSE,TRUE
Melbourne City,11877693,Cozy Chic Apt In The Heart of Melb,Melbourne,Entire apartment,Entire home/apt,entire_home,Entire apartment,https://www.airbnb.com.au/rooms/11877693?guests=1&adults=1&children=0&infants=0&check_in=2019-05-01&check_out=2019-05-05,145.00,741.09,1 bath,1.000000,2 beds,1 bedroom,1,2,-37.818367,144.955429,FALSE,TRUE,TRUE,FALSE,FALSE,TRUE
Melbourne City,13649689,☀Luxury Living With a View☀,Carlton,Entire apartment,Entire home/apt,entire_home,Entire apartment,https://www.airbnb.com.au/rooms/13649689?guests=1&adults=1&children=0&infants=0&check_in=2019-05-01&check_out=2019-05-05,123.50,654.31,1 bath,1.000000,2 beds,1 bedroom,1,2,-37.805330,144.963420,FALSE,TRUE,TRUE,FALSE,FALSE,TRUE
Melbourne City,14834055,Luxury Top Floor #2 ~ 2bdm CBD ((Wifi & Car Park)),Melbourne,Entire apartment,Entire home/apt,entire_home,Entire apartment,https://www.airbnb.com.au/rooms/14834055?guests=1&adults=1&children=0&infants=0&check_in=2019-05-01&check_out=2019-05-05,169.00,850.72,1 bath,1.000000,2 beds,2 bedrooms,2,2,-37.814490,144.953140,TRUE,TRUE,TRUE,TRUE,FALSE,TRUE
Melbourne City,14349785,High Up CBD 1 bedroom Apt opposite skybus!,Melbourne,Entire apartment,Entire home/apt,entire_home,Entire apartment,https://www.airbnb.com.au/rooms/14349785?guests=1&adults=1&children=0&infants=0&check_in=2019-05-01&check_out=2019-05-05,215.00,982.03,1 bath,1.000000,2 beds,1 bedroom,1,2,-37.815950,144.952370,FALSE,TRUE,TRUE,FALSE,FALSE,TRUE
Melbourne City,23652071,❤ Water View @ Southbank ❤ 1BR+PARKING+WIFI,Southbank,Entire apartment,Entire home/apt,entire_home,Entire apartment,https://www.airbnb.com.au/rooms/23652071?guests=1&adults=1&children=0&infants=0&check_in=2019-05-01&check_out=2019-05-05,129.00,663.45,1 bath,1.000000,1 bed,1 bedroom,1,1,-37.821090,144.965230,TRUE,TRUE,TRUE,TRUE,FALSE,TRUE
Melbourne City,11997917,Designer City Heritage Apartment,Melbourne,Entire apartment,Entire home/apt,entire_home,Entire apartment,https://www.airbnb.com.au/rooms/11997917?guests=1&adults=1&children=0&infants=0&check_in=2019-05-01&check_out=2019-05-05,155.00,790.20,1 bath,1.000000,1 bed,1 bedroom,1,1,-37.816840,144.961360,TRUE,TRUE,FALSE,FALSE,FALSE,TRUE
Melbourne City,22238000,Stylish Two-Story Loft in the Best Location in Melbourne,Melbourne,Entire loft,Entire home/apt,entire_home,Entire loft,https://www.airbnb.com.au/rooms/22238000?guests=1&adults=1&children=0&infants=0&check_in=2019-05-01&check_out=2019-05-05,149.00,766.22,1 bath,1.000000,1 bed,1 bedroom,1,1,-37.818070,144.965590,FALSE,TRUE,TRUE,FALSE,FALSE,TRUE
Melbourne City,10668850,"Cozy, RELAXING CBD Suites + POOL, GYM & FREE WiFi",Melbourne,Entire apartment,Entire home/apt,entire_home,Entire apartment,https://www.airbnb.com.au/rooms/10668850?guests=1&adults=1&children=0&infants=0&check_in=2019-05-01&check_out=2019-05-05,146.50,742.24,1 bath,1.000000,2 beds,1 bedroom,1,2,-37.814170,144.956640,FALSE,TRUE,TRUE,FALSE,FALSE,TRUE
Melbourne City,15028580,Luxury Apartment & Free Parking! Perfect location!,Carlton,Entire apartment,Entire home/apt,entire_home,Entire apartment,https://www.airbnb.com.au/rooms/15028580?guests=1&adults=1&children=0&infants=0&check_in=2019-05-01&check_out=2019-05-05,142.50,736.53,1 bath,1.000000,2 beds,1 bedroom,1,2,-37.808530,144.960320,TRUE,TRUE,TRUE,FALSE,FALSE,TRUE
Melbourne City,12544871,"City, 50x5* free parking/trams, pool, gym, tennis.",Melbourne,Entire apartment,Entire home/apt,entire_home,Entire apartment,https://www.airbnb.com.au/rooms/12544871?guests=1&adults=1&children=0&infants=0&check_in=2019-05-01&check_out=2019-05-05,162.50,810.75,1 bath,1.000000,2 beds,1 bedroom,1,2,-37.815680,144.953230,TRUE,TRUE,TRUE,TRUE,FALSE,TRUE
Melbourne City,21003128,A Homely CBD Suite Near Southern Cross + FREE WiFi,Melbourne,Entire apartment,Entire home/apt,entire_home,Entire apartment,https://www.airbnb.com.au/rooms/21003128?guests=1&adults=1&children=0&infants=0&check_in=2019-05-01&check_out=2019-05-05,136.50,702.27,1 bath,1.000000,1 bed,1 bedroom,1,1,-37.814987,144.953796,FALSE,TRUE,TRUE,FALSE,FALSE,TRUE
Melbourne City,8190128,The Oak studio in Melbourne CBD-free gym pool tram,Melbourne,Entire apartment,Entire home/apt,entire_home,Entire apartment,https://www.airbnb.com.au/rooms/8190128?guests=1&adults=1&children=0&infants=0&check_in=2019-05-01&check_out=2019-05-05,114.00,565.25,1 bath,1.000000,2 beds,Studio,0,2,-37.815708,144.953033,FALSE,TRUE,TRUE,FALSE,FALSE,TRUE
Melbourne City,14286116,Amazing views! Great Location! Cable TV! WIFI!,West Melbourne,Entire apartment,Entire home/apt,entire_home,Entire apartment,https://www.airbnb.com.au/rooms/14286116?guests=1&adults=1&children=0&infants=0&check_in=2019-05-01&check_out=2019-05-05,152.00,779.92,1 bath,1.000000,2 beds,1 bedroom,1,2,-37.811530,144.951690,TRUE,TRUE,TRUE,FALSE,FALSE,TRUE
Melbourne City,20794422,5 Stars Reviews New Luxury CBD 1 Bedroom,Melbourne,Entire apartment,Entire home/apt,entire_home,Entire apartment,https://www.airbnb.com.au/rooms/20794422?guests=1&adults=1&children=0&infants=0&check_in=2019-05-01&check_out=2019-05-05,145.00,736.53,1 bath,1.000000,2 beds,1 bedroom,1,2,-37.809050,144.962160,TRUE,TRUE,TRUE,FALSE,FALSE,TRUE
Melbourne City,5827457,Hip Apartment in the Heart of the City,Melbourne,Entire apartment,Entire home/apt,entire_home,Entire apartment,https://www.airbnb.com.au/rooms/5827457?guests=1&adults=1&children=0&infants=0&check_in=2019-05-01&check_out=2019-05-05,171.50,897.53,1 bath,1.000000,3 beds,2 bedrooms,2,3,-37.816647,144.969009,FALSE,TRUE,FALSE,FALSE,FALSE,TRUE
Melbourne City,21402430,Designer Selection - Boho Style in Melbourne CBD,Melbourne,Entire apartment,Entire home/apt,entire_home,Entire apartment,https://www.airbnb.com.au/rooms/21402430?guests=1&adults=1&children=0&infants=0&check_in=2019-05-01&check_out=2019-05-05,145.00,736.53,1 bath,1.000000,2 beds,1 bedroom,1,2,-37.815582,144.953079,FALSE,TRUE,TRUE,FALSE,FALSE,TRUE
Melbourne City,1697412,Melbourne CBD - Gordon Place,Melbourne,Entire apartment,Entire home/apt,entire_home,Entire apartment,https://www.airbnb.com.au/rooms/1697412?guests=1&adults=1&children=0&infants=0&check_in=2019-05-01&check_out=2019-05-05,95.50,493.30,1 bath,1.000000,1 bed,Studio,0,1,-37.807720,144.967130,TRUE,TRUE,TRUE,FALSE,FALSE,TRUE
Melbourne City,9310821,A Cozy CBD Suite with Spectacular City Views,Melbourne,Entire apartment,Entire home/apt,entire_home,Entire apartment,https://www.airbnb.com.au/rooms/9310821?guests=1&adults=1&children=0&infants=0&check_in=2019-05-01&check_out=2019-05-05,131.50,679.44,1 bath,1.000000,2 beds,1 bedroom,1,2,-37.818367,144.955429,FALSE,TRUE,TRUE,FALSE,FALSE,TRUE
Melbourne City,15173701,The Cityview 2 bd one bath apt in CBD-gym pool,Melbourne,Entire apartment,Entire home/apt,entire_home,Entire apartment,https://www.airbnb.com.au/rooms/15173701?guests=1&adults=1&children=0&infants=0&check_in=2019-05-01&check_out=2019-05-05,159.00,789.05,1 bath,1.000000,4 beds,2 bedrooms,2,4,-37.815914,144.953064,FALSE,TRUE,TRUE,FALSE,FALSE,TRUE
Melbourne City,14907026,Inner City Apartment at Perfect Location,Melbourne,Entire apartment,Entire home/apt,entire_home,Entire apartment,https://www.airbnb.com.au/rooms/14907026?guests=1&adults=1&children=0&infants=0&check_in=2019-05-01&check_out=2019-05-05,115.00,599.50,1 bath,1.000000,2 beds,Studio,0,2,-37.815582,144.953079,FALSE,TRUE,TRUE,FALSE,FALSE,TRUE
Melbourne City,1747852,Heart of CBD Top Floor View-FREE Tram/POOL/SPA/GYM,Melbourne,Entire apartment,Entire home/apt,entire_home,Entire apartment,https://www.airbnb.com.au/rooms/1747852?guests=1&adults=1&children=0&infants=0&check_in=2019-05-01&check_out=2019-05-05,234.00,1154.46,1 bath,1.000000,5 beds,2 bedrooms,2,5,-37.808210,144.966230,TRUE,TRUE,TRUE,FALSE,FALSE,TRUE
Melbourne City,18277657,Melbourne CBD 1 Bedroom Skyline@La Trobe Tower,Melbourne,Entire apartment,Entire home/apt,entire_home,Entire apartment,https://www.airbnb.com.au/rooms/18277657?guests=1&adults=1&children=0&infants=0&check_in=2019-05-01&check_out=2019-05-05,105.00,542.41,1 bath,1.000000,2 beds,1 bedroom,1,2,-37.810692,144.960052,TRUE,FALSE,TRUE,FALSE,FALSE,TRUE
Melbourne City,9806813,The Cottage apt in Melb CBD-  GYM POOL free tram,Melbourne,Entire apartment,Entire home/apt,entire_home,Entire apartment,https://www.airbnb.com.au/rooms/9806813?guests=1&adults=1&children=0&infants=0&check_in=2019-05-01&check_out=2019-05-05,133.00,653.17,1 bath,1.000000,2 beds,1 bedroom,1,2,-37.814709,144.952454,FALSE,TRUE,TRUE,FALSE,FALSE,TRUE
